1;"FontAPlakatTitul"
56;"PreLoaderBackGround_default"
57;"FontRoboto"
83;"fl.containers.ScrollPane"
85;"ImageLogoEn_default"
91;"ImagePreloaderBackRu_default"
88;"ImageLogoRu_default"
93;"ImagePreloaderBackEn_default"
94;"FontRobotoBold"
82;"fl.controls.ScrollBar"
60;"fl.core.ComponentShim"
62;"ScrollPane_upSkin"
73;"ScrollArrowDown_overSkin"
81;"ScrollBar_thumbIcon"
65;"focusRectSkin"
61;"ScrollPane_disabledSkin"
76;"ScrollArrowUp_overSkin"
72;"ScrollArrowDown_upSkin"
78;"ScrollThumb_upSkin"
80;"ScrollArrowUp_disabledSkin"
64;"ScrollTrack_skin"
79;"ScrollArrowDown_disabledSkin"
77;"ScrollArrowUp_upSkin"
70;"ScrollThumb_downSkin"
68;"ScrollArrowUp_downSkin"
75;"ScrollThumb_overSkin"
67;"ScrollArrowDown_downSkin"
95;"fl.controls.Button"
125;"_a_---"
124;"_a_-_"
123;"_a_-_-__"
1;"_-2K"
62;"ScrollPane_upSkin"
73;"ScrollArrowDown_overSkin"
95;"fl.controls.Button"
81;"ScrollBar_thumbIcon"
56;"PreLoaderBackGround_default"
60;"fl.core.ComponentShim"
65;"focusRectSkin"
61;"ScrollPane_disabledSkin"
76;"ScrollArrowUp_overSkin"
83;"fl.containers.ScrollPane"
57;"FontRoboto"
72;"ScrollArrowDown_upSkin"
82;"fl.controls.ScrollBar"
96;"_-68._-97"
78;"ScrollThumb_upSkin"
85;"ImageLogoEn_default"
80;"ScrollArrowUp_disabledSkin"
64;"ScrollTrack_skin"
91;"ImagePreloaderBackRu_default"
79;"ScrollArrowDown_disabledSkin"
88;"ImageLogoRu_default"
93;"ImagePreloaderBackEn_default"
94;"FontRobotoBold"
77;"ScrollArrowUp_upSkin"
70;"ScrollThumb_downSkin"
68;"ScrollArrowUp_downSkin"
75;"ScrollThumb_overSkin"
67;"ScrollArrowDown_downSkin"
0;"_-k2X"
110;"fl.controls.CheckBox"
106;"CheckBox_selectedUpIcon"
107;"CheckBox_selectedOverIcon"
109;"CheckBox_selectedDisabledIcon"
100;"CheckBox_overIcon"
102;"CheckBox_downIcon"
108;"CheckBox_selectedDownIcon"
103;"CheckBox_disabledIcon"
98;"CheckBox_upIcon"
106;"CheckBox_selectedUpIcon"
107;"CheckBox_selectedOverIcon"
100;"CheckBox_overIcon"
102;"CheckBox_downIcon"
110;"fl.controls.CheckBox"
108;"CheckBox_selectedDownIcon"
109;"CheckBox_selectedDisabledIcon"
103;"CheckBox_disabledIcon"
98;"CheckBox_upIcon"
